CHROM	START	STOP	PEAK	STAT	CI	SOURCE
Cp4.1LG00	16406954	16506954	0.593215	HighSI	99	Permutation
Cp4.1LG00	23906954	24306954	0.590629	HighSI	99	Permutation
Cp4.1LG00	31006954	32206954	0.616606	HighSI	99	Permutation
Cp4.1LG00	38406954	38806954	0.580975	HighSI	99	Permutation
Cp4.1LG00	45306954	46106954	0.671736	HighSI	99	Permutation
Cp4.1LG00	48606954	48706954	0.582748	HighSI	99	Permutation
Cp4.1LG00	31206954	32106954	0.627253	LowSI	99	Permutation
Cp4.1LG00	38306954	38706954	0.625239	LowSI	99	Permutation
Cp4.1LG00	46006954	46006954	0.617750	LowSI	99	Permutation
Cp4.1LG00	16406954	17406954	0.236957	DeltaSI	99	Permutation
Cp4.1LG00	6954	3006954	23.825871	Gstat	99	Permutation
Cp4.1LG00	4506954	4506954	7.190849	Gstat	99	Permutation
Cp4.1LG00	6206954	13606954	28.906219	Gstat	99	Permutation
Cp4.1LG00	14206954	33806954	112.094400	Gstat	99	Permutation
Cp4.1LG00	34706954	42706954	50.728665	Gstat	99	Permutation
Cp4.1LG00	43306954	44906954	13.500463	Gstat	99	Permutation
Cp4.1LG00	6954	4806954	0.013161	ED4	99	Permutation
Cp4.1LG00	5706954	46706954	0.061866	ED4	99	Permutation
Cp4.1LG00	48506954	48506954	0.001131	ED4	99	Permutation
Cp4.1LG00	6954	3006954	5.204076	LOD	99	Permutation
Cp4.1LG00	4506954	4506954	1.583391	LOD	99	Permutation
Cp4.1LG00	6206954	13606954	6.318216	LOD	99	Permutation
Cp4.1LG00	14206954	33806954	24.425539	LOD	99	Permutation
Cp4.1LG00	34706954	42706954	11.064848	LOD	99	Permutation
Cp4.1LG00	43206954	44906954	3.054132	LOD	99	Permutation
Cp4.1LG00	6954	3006954	4.259365	BBLogBF	99	Permutation
Cp4.1LG00	4506954	4506954	0.644321	BBLogBF	99	Permutation
Cp4.1LG00	6206954	13606954	5.367995	BBLogBF	99	Permutation
Cp4.1LG00	14206954	33806954	23.143893	BBLogBF	99	Permutation
Cp4.1LG00	34706954	42706954	9.942805	BBLogBF	99	Permutation
Cp4.1LG00	43206954	44906954	2.067779	BBLogBF	99	Permutation
Cp4.1LG00	10906954	11306954	0.574811	HighSI	95	Permutation
Cp4.1LG00	16206954	16906954	0.594062	HighSI	95	Permutation
Cp4.1LG00	21606954	22506954	0.575112	HighSI	95	Permutation
Cp4.1LG00	23406954	24406954	0.590629	HighSI	95	Permutation
Cp4.1LG00	30906954	32406954	0.616606	HighSI	95	Permutation
Cp4.1LG00	37006954	37306954	0.570958	HighSI	95	Permutation
Cp4.1LG00	38206954	38906954	0.580975	HighSI	95	Permutation
Cp4.1LG00	40606954	40806954	0.559221	HighSI	95	Permutation
Cp4.1LG00	42806954	43106954	0.568057	HighSI	95	Permutation
Cp4.1LG00	45106954	46206954	0.671736	HighSI	95	Permutation
Cp4.1LG00	48406954	48906954	0.582748	HighSI	95	Permutation
Cp4.1LG00	21606954	21806954	0.585748	LowSI	95	Permutation
Cp4.1LG00	31006954	32106954	0.627253	LowSI	95	Permutation
Cp4.1LG00	38106954	38906954	0.625239	LowSI	95	Permutation
Cp4.1LG00	42806954	43106954	0.605034	LowSI	95	Permutation
Cp4.1LG00	45406954	46206954	0.622647	LowSI	95	Permutation
Cp4.1LG00	16306954	17606954	0.236957	DeltaSI	95	Permutation
Cp4.1LG00	1006954	1306954	-0.115971	DeltaSI	95	Permutation
Cp4.1LG00	6954	4906954	23.825871	Gstat	95	Permutation
Cp4.1LG00	5706954	45906954	112.094400	Gstat	95	Permutation
Cp4.1LG00	48206954	48906954	4.562978	Gstat	95	Permutation
Cp4.1LG00	6954	49006954	0.061866	ED4	95	Permutation
Cp4.1LG00	6954	4906954	5.204076	LOD	95	Permutation
Cp4.1LG00	5706954	45906954	24.425539	LOD	95	Permutation
Cp4.1LG00	48306954	48906954	0.968209	LOD	95	Permutation
Cp4.1LG00	6954	4906954	4.259365	BBLogBF	95	Permutation
Cp4.1LG00	5706954	45706954	23.143893	BBLogBF	95	Permutation
Cp4.1LG00	48406954	48906954	-0.039607	BBLogBF	95	Permutation
Cp4.1LG00	606954	2106954	6.545742	Gstat_Z	z3	ZScore
Cp4.1LG00	2606954	2906954	3.756207	Gstat_Z	z3	ZScore
Cp4.1LG00	6706954	7906954	6.098156	Gstat_Z	z3	ZScore
Cp4.1LG00	11206954	13006954	8.283242	Gstat_Z	z3	ZScore
Cp4.1LG00	14406954	26206954	17.943961	Gstat_Z	z3	ZScore
Cp4.1LG00	27406954	28906954	9.392993	Gstat_Z	z3	ZScore
Cp4.1LG00	29406954	32006954	36.733941	Gstat_Z	z3	ZScore
Cp4.1LG00	34806954	36306954	8.972622	Gstat_Z	z3	ZScore
Cp4.1LG00	37506954	41306954	15.746608	Gstat_Z	z3	ZScore
Cp4.1LG00	44206954	44206954	3.014410	Gstat_Z	z3	ZScore
Cp4.1LG00	6954	3006954	6.615906	ED4_Z	z3	ZScore
Cp4.1LG00	6406954	7706954	6.286553	ED4_Z	z3	ZScore
Cp4.1LG00	10806954	13106954	10.716723	ED4_Z	z3	ZScore
Cp4.1LG00	15006954	23706954	23.500151	ED4_Z	z3	ZScore
Cp4.1LG00	27406954	32506954	35.620083	ED4_Z	z3	ZScore
Cp4.1LG00	34806954	37406954	6.875695	ED4_Z	z3	ZScore
Cp4.1LG00	38206954	41306954	9.749685	ED4_Z	z3	ZScore
Cp4.1LG00	43906954	44706954	4.756924	ED4_Z	z3	ZScore
Cp4.1LG00	606954	2106954	6.481443	LOD_Z	z3	ZScore
Cp4.1LG00	2606954	2906954	3.737121	LOD_Z	z3	ZScore
Cp4.1LG00	6706954	7906954	6.042427	LOD_Z	z3	ZScore
Cp4.1LG00	11206954	13006954	8.212514	LOD_Z	z3	ZScore
Cp4.1LG00	14406954	26206954	17.769250	LOD_Z	z3	ZScore
Cp4.1LG00	27406954	28906954	9.405437	LOD_Z	z3	ZScore
Cp4.1LG00	29406954	32006954	36.346402	LOD_Z	z3	ZScore
Cp4.1LG00	34806954	36306954	9.068659	LOD_Z	z3	ZScore
Cp4.1LG00	37506954	41306954	15.587498	LOD_Z	z3	ZScore
Cp4.1LG00	44006954	44306954	3.141011	LOD_Z	z3	ZScore
Cp4.1LG00	306954	2106954	6.657303	BBLogBF_Z	z3	ZScore
Cp4.1LG00	2606954	2906954	3.852019	BBLogBF_Z	z3	ZScore
Cp4.1LG00	6706954	7906954	6.211951	BBLogBF_Z	z3	ZScore
Cp4.1LG00	11206954	13006954	8.438118	BBLogBF_Z	z3	ZScore
Cp4.1LG00	14406954	26206954	18.163975	BBLogBF_Z	z3	ZScore
Cp4.1LG00	27406954	28906954	9.494192	BBLogBF_Z	z3	ZScore
Cp4.1LG00	29406954	32006954	36.991911	BBLogBF_Z	z3	ZScore
Cp4.1LG00	34806954	36306954	9.117216	BBLogBF_Z	z3	ZScore
Cp4.1LG00	37506954	41306954	15.786730	BBLogBF_Z	z3	ZScore
Cp4.1LG00	44006954	44306954	3.136913	BBLogBF_Z	z3	ZScore
Cp4.1LG00	6954	3006954	4.000000	Consensus	99	Consensus
Cp4.1LG00	4506954	4506954	4.000000	Consensus	99	Consensus
Cp4.1LG00	6206954	13606954	4.000000	Consensus	99	Consensus
Cp4.1LG00	14206954	33806954	6.000000	Consensus	99	Consensus
Cp4.1LG00	34706954	42706954	6.000000	Consensus	99	Consensus
Cp4.1LG00	43206954	44906954	4.000000	Consensus	99	Consensus
Cp4.1LG00	46006954	46006954	3.000000	Consensus	99	Consensus
Cp4.1LG00	16406954	17406954	0.236957	DeltaSI	99	HighConfidence
Cp4.1LG00	14206954	33806954	112.094400	Gstat	99	HighConfidence
Cp4.1LG00	5706954	46706954	0.061866	ED4	99	HighConfidence
Cp4.1LG00	14206954	33806954	24.425539	LOD	99	HighConfidence
Cp4.1LG00	14206954	33806954	23.143893	BBLogBF	99	HighConfidence
Cp4.1LG00	16206954	16906954	0.594062	HighSI	95	HighConfidence
Cp4.1LG00	16306954	17606954	0.236957	DeltaSI	95	HighConfidence
Cp4.1LG00	5706954	45906954	112.094400	Gstat	95	HighConfidence
Cp4.1LG00	6954	49006954	0.061866	ED4	95	HighConfidence
Cp4.1LG00	5706954	45906954	24.425539	LOD	95	HighConfidence
Cp4.1LG00	5706954	45706954	23.143893	BBLogBF	95	HighConfidence
Cp4.1LG00	14406954	26206954	17.943961	Gstat_Z	z3	HighConfidence
Cp4.1LG00	15006954	23706954	23.500151	ED4_Z	z3	HighConfidence
Cp4.1LG00	14406954	26206954	17.769250	LOD_Z	z3	HighConfidence
Cp4.1LG00	14406954	26206954	18.163975	BBLogBF_Z	z3	HighConfidence
Cp4.1LG01	8300527	11400527	0.660725	HighSI	99	Permutation
Cp4.1LG01	12600527	15000527	0.625013	HighSI	99	Permutation
Cp4.1LG01	7200527	16500527	0.391494	DeltaSI	99	Permutation
Cp4.1LG01	21300527	21300527	-0.183587	DeltaSI	99	Permutation
Cp4.1LG01	7000527	16700527	42.107231	Gstat	99	Permutation
Cp4.1LG01	17500527	19100527	27.747177	Gstat	99	Permutation
Cp4.1LG01	20600527	21300527	8.548379	Gstat	99	Permutation
Cp4.1LG01	5400527	21300527	0.048216	ED4	99	Permutation
Cp4.1LG01	7000527	16700527	9.290428	LOD	99	Permutation
Cp4.1LG01	17500527	19100527	6.063114	LOD	99	Permutation
Cp4.1LG01	20600527	21300527	1.881608	LOD	99	Permutation
Cp4.1LG01	7000527	16700527	8.366039	BBLogBF	99	Permutation
Cp4.1LG01	17500527	19100527	5.035041	BBLogBF	99	Permutation
Cp4.1LG01	20500527	21300527	0.979080	BBLogBF	99	Permutation
Cp4.1LG01	7700527	15800527	0.660725	HighSI	95	Permutation
Cp4.1LG01	20700527	21300527	0.615261	LowSI	95	Permutation
Cp4.1LG01	6900527	16700527	0.391494	DeltaSI	95	Permutation
Cp4.1LG01	18600527	21300527	-0.183587	DeltaSI	95	Permutation
Cp4.1LG01	5500527	5900527	3.847949	Gstat	95	Permutation
Cp4.1LG01	6700527	21300527	42.107231	Gstat	95	Permutation
Cp4.1LG01	527	21300527	0.048216	ED4	95	Permutation
Cp4.1LG01	5500527	5900527	0.844394	LOD	95	Permutation
Cp4.1LG01	6700527	21300527	9.290428	LOD	95	Permutation
Cp4.1LG01	5400527	5900527	-0.052841	BBLogBF	95	Permutation
Cp4.1LG01	6700527	21300527	8.366039	BBLogBF	95	Permutation
Cp4.1LG01	7400527	13700527	4.470058	DeltaSI_Z	z3	ZScore
Cp4.1LG01	14500527	15500527	4.125621	DeltaSI_Z	z3	ZScore
Cp4.1LG01	7300527	16100527	12.798042	Gstat_Z	z3	ZScore
Cp4.1LG01	17700527	18800527	7.886845	Gstat_Z	z3	ZScore
Cp4.1LG01	7100527	16400527	27.491614	ED4_Z	z3	ZScore
Cp4.1LG01	17800527	18800527	5.863320	ED4_Z	z3	ZScore
Cp4.1LG01	7300527	16100527	12.830528	LOD_Z	z3	ZScore
Cp4.1LG01	17700527	18800527	7.816154	LOD_Z	z3	ZScore
Cp4.1LG01	7300527	16100527	13.253939	BBLogBF_Z	z3	ZScore
Cp4.1LG01	17700527	18800527	7.903287	BBLogBF_Z	z3	ZScore
Cp4.1LG01	7000527	16700527	6.000000	Consensus	99	Consensus
Cp4.1LG01	17500527	19100527	4.000000	Consensus	99	Consensus
Cp4.1LG01	20600527	21300527	5.000000	Consensus	99	Consensus
Cp4.1LG01	8300527	11400527	0.660725	HighSI	99	HighConfidence
Cp4.1LG01	12600527	15000527	0.625013	HighSI	99	HighConfidence
Cp4.1LG01	7200527	16500527	0.391494	DeltaSI	99	HighConfidence
Cp4.1LG01	7000527	16700527	42.107231	Gstat	99	HighConfidence
Cp4.1LG01	5400527	21300527	0.048216	ED4	99	HighConfidence
Cp4.1LG01	7000527	16700527	9.290428	LOD	99	HighConfidence
Cp4.1LG01	7000527	16700527	8.366039	BBLogBF	99	HighConfidence
Cp4.1LG01	7700527	15800527	0.660725	HighSI	95	HighConfidence
Cp4.1LG01	6900527	16700527	0.391494	DeltaSI	95	HighConfidence
Cp4.1LG01	6700527	21300527	42.107231	Gstat	95	HighConfidence
Cp4.1LG01	527	21300527	0.048216	ED4	95	HighConfidence
Cp4.1LG01	6700527	21300527	9.290428	LOD	95	HighConfidence
Cp4.1LG01	6700527	21300527	8.366039	BBLogBF	95	HighConfidence
Cp4.1LG01	7400527	13700527	4.470058	DeltaSI_Z	z3	HighConfidence
Cp4.1LG01	14500527	15500527	4.125621	DeltaSI_Z	z3	HighConfidence
Cp4.1LG01	7300527	16100527	12.798042	Gstat_Z	z3	HighConfidence
Cp4.1LG01	7100527	16400527	27.491614	ED4_Z	z3	HighConfidence
Cp4.1LG01	7300527	16100527	12.830528	LOD_Z	z3	HighConfidence
Cp4.1LG01	7300527	16100527	13.253939	BBLogBF_Z	z3	HighConfidence
Cp4.1LG02	5270959	6170959	-0.193477	DeltaSI	99	Permutation
Cp4.1LG02	4370959	7270959	10.231074	Gstat	99	Permutation
Cp4.1LG02	270959	1070959	0.002225	ED4	99	Permutation
Cp4.1LG02	4170959	7770959	0.005334	ED4	99	Permutation
Cp4.1LG02	8570959	10170959	0.002551	ED4	99	Permutation
Cp4.1LG02	4370959	7270959	2.239631	LOD	99	Permutation
Cp4.1LG02	4370959	7270959	1.329359	BBLogBF	99	Permutation
Cp4.1LG02	11470959	13070959	0.589296	HighSI	95	Permutation
Cp4.1LG02	270959	370959	-0.123258	DeltaSI	95	Permutation
Cp4.1LG02	4370959	6870959	-0.193477	DeltaSI	95	Permutation
Cp4.1LG02	170959	1270959	4.861314	Gstat	95	Permutation
Cp4.1LG02	3770959	10170959	10.231074	Gstat	95	Permutation
Cp4.1LG02	170959	13970959	0.005334	ED4	95	Permutation
Cp4.1LG02	170959	1270959	1.071685	LOD	95	Permutation
Cp4.1LG02	3770959	10170959	2.239631	LOD	95	Permutation
Cp4.1LG02	170959	1370959	0.172384	BBLogBF	95	Permutation
Cp4.1LG02	3770959	10170959	1.329359	BBLogBF	95	Permutation
Cp4.1LG02	4370959	7270959	5.000000	Consensus	99	Consensus
Cp4.1LG03	300098	700098	0.002161	ED4	99	Permutation
Cp4.1LG03	5600098	6700098	0.002412	ED4	99	Permutation
Cp4.1LG03	9200098	9500098	0.002216	ED4	99	Permutation
Cp4.1LG03	10000098	10400098	0.001637	ED4	99	Permutation
Cp4.1LG03	12400098	13600098	0.002468	ED4	99	Permutation
Cp4.1LG03	98	700098	0.583344	HighSI	95	Permutation
Cp4.1LG03	6100098	6200098	0.596678	LowSI	95	Permutation
Cp4.1LG03	6800098	6800098	0.589734	LowSI	95	Permutation
Cp4.1LG03	8600098	9200098	0.605750	LowSI	95	Permutation
Cp4.1LG03	98	200098	0.133191	DeltaSI	95	Permutation
Cp4.1LG03	13600098	13700098	0.133196	DeltaSI	95	Permutation
Cp4.1LG03	98	900098	5.547410	Gstat	95	Permutation
Cp4.1LG03	5700098	6400098	4.068144	Gstat	95	Permutation
Cp4.1LG03	8700098	9700098	4.749027	Gstat	95	Permutation
Cp4.1LG03	12300098	13700098	4.816072	Gstat	95	Permutation
Cp4.1LG03	98	13700098	0.002468	ED4	95	Permutation
Cp4.1LG03	98	900098	1.215858	LOD	95	Permutation
Cp4.1LG03	5700098	6400098	0.904531	LOD	95	Permutation
Cp4.1LG03	8700098	9700098	1.048687	LOD	95	Permutation
Cp4.1LG03	12300098	13700098	1.067459	LOD	95	Permutation
Cp4.1LG03	98	900098	0.315624	BBLogBF	95	Permutation
Cp4.1LG03	5700098	6600098	-0.021035	BBLogBF	95	Permutation
Cp4.1LG03	8700098	9700098	0.138949	BBLogBF	95	Permutation
Cp4.1LG03	12300098	13700098	0.170851	BBLogBF	95	Permutation
Cp4.1LG04	4700273	7400273	-0.295997	DeltaSI	99	Permutation
Cp4.1LG04	4500273	7500273	22.460376	Gstat	99	Permutation
Cp4.1LG04	900273	1800273	0.002035	ED4	99	Permutation
Cp4.1LG04	2300273	8100273	0.019989	ED4	99	Permutation
Cp4.1LG04	4500273	7500273	4.925846	LOD	99	Permutation
Cp4.1LG04	4500273	7500273	4.028170	BBLogBF	99	Permutation
Cp4.1LG04	1600273	1600273	0.596844	LowSI	95	Permutation
Cp4.1LG04	4100273	7600273	-0.295997	DeltaSI	95	Permutation
Cp4.1LG04	800273	7900273	22.460376	Gstat	95	Permutation
Cp4.1LG04	273	12600273	0.019989	ED4	95	Permutation
Cp4.1LG04	800273	7900273	4.925846	LOD	95	Permutation
Cp4.1LG04	800273	8000273	4.028170	BBLogBF	95	Permutation
Cp4.1LG04	5300273	7000273	-3.093669	DeltaSI_Z	z3	ZScore
Cp4.1LG04	4900273	7400273	6.078737	Gstat_Z	z3	ZScore
Cp4.1LG04	4700273	7500273	10.681786	ED4_Z	z3	ZScore
Cp4.1LG04	4900273	7400273	6.049147	LOD_Z	z3	ZScore
Cp4.1LG04	4900273	7400273	6.285930	BBLogBF_Z	z3	ZScore
Cp4.1LG04	4500273	7500273	5.000000	Consensus	99	Consensus
Cp4.1LG04	4700273	7400273	-0.295997	DeltaSI	99	HighConfidence
Cp4.1LG04	4500273	7500273	22.460376	Gstat	99	HighConfidence
Cp4.1LG04	2300273	8100273	0.019989	ED4	99	HighConfidence
Cp4.1LG04	4500273	7500273	4.925846	LOD	99	HighConfidence
Cp4.1LG04	4500273	7500273	4.028170	BBLogBF	99	HighConfidence
Cp4.1LG04	4100273	7600273	-0.295997	DeltaSI	95	HighConfidence
Cp4.1LG04	800273	7900273	22.460376	Gstat	95	HighConfidence
Cp4.1LG04	273	12600273	0.019989	ED4	95	HighConfidence
Cp4.1LG04	800273	7900273	4.925846	LOD	95	HighConfidence
Cp4.1LG04	800273	8000273	4.028170	BBLogBF	95	HighConfidence
Cp4.1LG04	5300273	7000273	-3.093669	DeltaSI_Z	z3	HighConfidence
Cp4.1LG04	4900273	7400273	6.078737	Gstat_Z	z3	HighConfidence
Cp4.1LG04	4700273	7500273	10.681786	ED4_Z	z3	HighConfidence
Cp4.1LG04	4900273	7400273	6.049147	LOD_Z	z3	HighConfidence
Cp4.1LG04	4900273	7400273	6.285930	BBLogBF_Z	z3	HighConfidence
Cp4.1LG05	8600569	10800569	0.638027	HighSI	99	Permutation
Cp4.1LG05	6200569	7700569	0.687299	LowSI	99	Permutation
Cp4.1LG05	569	1000569	0.249291	DeltaSI	99	Permutation
Cp4.1LG05	569	1100569	13.402660	Gstat	99	Permutation
Cp4.1LG05	6600569	7000569	8.123274	Gstat	99	Permutation
Cp4.1LG05	569	1500569	0.009618	ED4	99	Permutation
Cp4.1LG05	4000569	4000569	0.001443	ED4	99	Permutation
Cp4.1LG05	4500569	5300569	0.001883	ED4	99	Permutation
Cp4.1LG05	5900569	7900569	0.004348	ED4	99	Permutation
Cp4.1LG05	569	1100569	2.954509	LOD	99	Permutation
Cp4.1LG05	6600569	7000569	1.800824	LOD	99	Permutation
Cp4.1LG05	569	1100569	2.055506	BBLogBF	99	Permutation
Cp4.1LG05	6600569	7000569	0.891359	BBLogBF	99	Permutation
Cp4.1LG05	800569	1200569	0.568827	HighSI	95	Permutation
Cp4.1LG05	8100569	10800569	0.638027	HighSI	95	Permutation
Cp4.1LG05	4000569	10700569	0.687299	LowSI	95	Permutation
Cp4.1LG05	569	1400569	0.249291	DeltaSI	95	Permutation
Cp4.1LG05	6000569	7700569	-0.176543	DeltaSI	95	Permutation
Cp4.1LG05	569	1500569	13.402660	Gstat	95	Permutation
Cp4.1LG05	4000569	8000569	8.123274	Gstat	95	Permutation
Cp4.1LG05	569	10800569	0.009618	ED4	95	Permutation
Cp4.1LG05	569	1500569	2.954509	LOD	95	Permutation
Cp4.1LG05	4000569	8000569	1.800824	LOD	95	Permutation
Cp4.1LG05	569	1500569	2.055506	BBLogBF	95	Permutation
Cp4.1LG05	4000569	8000569	0.891359	BBLogBF	95	Permutation
Cp4.1LG05	569	700569	4.506012	ED4_Z	z3	ZScore
Cp4.1LG05	569	569	3.117198	BBLogBF_Z	z3	ZScore
Cp4.1LG05	569	1100569	5.000000	Consensus	99	Consensus
Cp4.1LG05	6600569	7000569	5.000000	Consensus	99	Consensus
Cp4.1LG05	569	1000569	0.249291	DeltaSI	99	HighConfidence
Cp4.1LG05	569	1100569	13.402660	Gstat	99	HighConfidence
Cp4.1LG05	569	1500569	0.009618	ED4	99	HighConfidence
Cp4.1LG05	569	1100569	2.954509	LOD	99	HighConfidence
Cp4.1LG05	569	1100569	2.055506	BBLogBF	99	HighConfidence
Cp4.1LG05	569	1400569	0.249291	DeltaSI	95	HighConfidence
Cp4.1LG05	569	1500569	13.402660	Gstat	95	HighConfidence
Cp4.1LG05	569	10800569	0.009618	ED4	95	HighConfidence
Cp4.1LG05	569	1500569	2.954509	LOD	95	HighConfidence
Cp4.1LG05	569	1500569	2.055506	BBLogBF	95	HighConfidence
Cp4.1LG05	569	700569	4.506012	ED4_Z	z3	HighConfidence
Cp4.1LG05	569	569	3.117198	BBLogBF_Z	z3	HighConfidence
Cp4.1LG06	2201166	5201166	0.678416	HighSI	99	Permutation
Cp4.1LG06	2501166	2501166	0.656351	LowSI	99	Permutation
Cp4.1LG06	3401166	3401166	0.001530	ED4	99	Permutation
Cp4.1LG06	7101166	10401166	0.001864	ED4	99	Permutation
Cp4.1LG06	1901166	6001166	0.678416	HighSI	95	Permutation
Cp4.1LG06	701166	6401166	0.662208	LowSI	95	Permutation
Cp4.1LG06	6901166	6901166	0.586204	LowSI	95	Permutation
Cp4.1LG06	7901166	7901166	-0.105093	DeltaSI	95	Permutation
Cp4.1LG06	1401166	1701166	3.871527	Gstat	95	Permutation
Cp4.1LG06	7101166	10101166	4.818685	Gstat	95	Permutation
Cp4.1LG06	1166	10601166	0.001864	ED4	95	Permutation
Cp4.1LG06	1401166	1701166	0.862386	LOD	95	Permutation
Cp4.1LG06	7101166	10101166	1.057793	LOD	95	Permutation
Cp4.1LG06	1401166	1801166	-0.033960	BBLogBF	95	Permutation
Cp4.1LG06	7101166	10101166	0.111058	BBLogBF	95	Permutation
Cp4.1LG07	2025970	3125970	0.621001	HighSI	99	Permutation
Cp4.1LG07	4825970	6825970	0.633147	HighSI	99	Permutation
Cp4.1LG07	7325970	8725970	0.617640	HighSI	99	Permutation
Cp4.1LG07	6725970	10025970	0.693254	LowSI	99	Permutation
Cp4.1LG07	125970	125970	0.001808	ED4	99	Permutation
Cp4.1LG07	725970	825970	0.001701	ED4	99	Permutation
Cp4.1LG07	7225970	7225970	0.001631	ED4	99	Permutation
Cp4.1LG07	9025970	10025970	0.002575	ED4	99	Permutation
Cp4.1LG07	1625970	10025970	0.633147	HighSI	95	Permutation
Cp4.1LG07	125970	1425970	0.626126	LowSI	95	Permutation
Cp4.1LG07	4925970	10025970	0.693254	LowSI	95	Permutation
Cp4.1LG07	125970	525970	3.974119	Gstat	95	Permutation
Cp4.1LG07	2325970	3225970	4.376589	Gstat	95	Permutation
Cp4.1LG07	6825970	7625970	4.159352	Gstat	95	Permutation
Cp4.1LG07	8925970	9225970	3.580661	Gstat	95	Permutation
Cp4.1LG07	9925970	9925970	3.932790	Gstat	95	Permutation
Cp4.1LG07	125970	10025970	0.002575	ED4	95	Permutation
Cp4.1LG07	125970	625970	0.879547	LOD	95	Permutation
Cp4.1LG07	2325970	3225970	0.958717	LOD	95	Permutation
Cp4.1LG07	6725970	7725970	0.927503	LOD	95	Permutation
Cp4.1LG07	8925970	9225970	0.796004	LOD	95	Permutation
Cp4.1LG07	9925970	9925970	0.874422	LOD	95	Permutation
Cp4.1LG07	125970	625970	-0.013494	BBLogBF	95	Permutation
Cp4.1LG07	2225970	3225970	0.055249	BBLogBF	95	Permutation
Cp4.1LG07	6725970	7725970	0.020973	BBLogBF	95	Permutation
Cp4.1LG07	8925970	9925970	-0.021860	BBLogBF	95	Permutation
Cp4.1LG08	5621052	6521052	0.663617	LowSI	99	Permutation
Cp4.1LG08	7521052	9221052	0.705464	LowSI	99	Permutation
Cp4.1LG08	6021052	9821052	-0.352968	DeltaSI	99	Permutation
Cp4.1LG08	6021052	10021052	23.870911	Gstat	99	Permutation
Cp4.1LG08	121052	121052	0.001156	ED4	99	Permutation
Cp4.1LG08	1421052	2321052	0.002386	ED4	99	Permutation
Cp4.1LG08	3021052	3021052	0.001820	ED4	99	Permutation
Cp4.1LG08	4721052	10021052	0.026298	ED4	99	Permutation
Cp4.1LG08	6021052	10021052	5.251094	LOD	99	Permutation
Cp4.1LG08	5921052	10021052	4.354349	BBLogBF	99	Permutation
Cp4.1LG08	4721052	9521052	0.705464	LowSI	95	Permutation
Cp4.1LG08	1821052	2521052	-0.125798	DeltaSI	95	Permutation
Cp4.1LG08	5121052	10021052	-0.352968	DeltaSI	95	Permutation
Cp4.1LG08	1421052	3121052	5.183297	Gstat	95	Permutation
Cp4.1LG08	4721052	10021052	23.870911	Gstat	95	Permutation
Cp4.1LG08	21052	10021052	0.026298	ED4	95	Permutation
Cp4.1LG08	1421052	3121052	1.140086	LOD	95	Permutation
Cp4.1LG08	4721052	10021052	5.251094	LOD	95	Permutation
Cp4.1LG08	1321052	3221052	0.246572	BBLogBF	95	Permutation
Cp4.1LG08	4721052	10021052	4.354349	BBLogBF	95	Permutation
Cp4.1LG08	7521052	9221052	-3.720465	DeltaSI_Z	z3	ZScore
Cp4.1LG08	7221052	9421052	6.561146	Gstat_Z	z3	ZScore
Cp4.1LG08	6421052	9621052	14.439301	ED4_Z	z3	ZScore
Cp4.1LG08	7221052	9421052	6.554496	LOD_Z	z3	ZScore
Cp4.1LG08	7121052	9421052	6.809878	BBLogBF_Z	z3	ZScore
Cp4.1LG08	5921052	10021052	6.000000	Consensus	99	Consensus
Cp4.1LG08	5621052	6521052	0.663617	LowSI	99	HighConfidence
Cp4.1LG08	7521052	9221052	0.705464	LowSI	99	HighConfidence
Cp4.1LG08	6021052	9821052	-0.352968	DeltaSI	99	HighConfidence
Cp4.1LG08	6021052	10021052	23.870911	Gstat	99	HighConfidence
Cp4.1LG08	4721052	10021052	0.026298	ED4	99	HighConfidence
Cp4.1LG08	6021052	10021052	5.251094	LOD	99	HighConfidence
Cp4.1LG08	5921052	10021052	4.354349	BBLogBF	99	HighConfidence
Cp4.1LG08	4721052	9521052	0.705464	LowSI	95	HighConfidence
Cp4.1LG08	5121052	10021052	-0.352968	DeltaSI	95	HighConfidence
Cp4.1LG08	4721052	10021052	23.870911	Gstat	95	HighConfidence
Cp4.1LG08	21052	10021052	0.026298	ED4	95	HighConfidence
Cp4.1LG08	4721052	10021052	5.251094	LOD	95	HighConfidence
Cp4.1LG08	4721052	10021052	4.354349	BBLogBF	95	HighConfidence
Cp4.1LG08	7521052	9221052	-3.720465	DeltaSI_Z	z3	HighConfidence
Cp4.1LG08	7221052	9421052	6.561146	Gstat_Z	z3	HighConfidence
Cp4.1LG08	6421052	9621052	14.439301	ED4_Z	z3	HighConfidence
Cp4.1LG08	7221052	9421052	6.554496	LOD_Z	z3	HighConfidence
Cp4.1LG08	7121052	9421052	6.809878	BBLogBF_Z	z3	HighConfidence
Cp4.1LG09	7711080	8711080	0.644758	HighSI	99	Permutation
Cp4.1LG09	3911080	4811080	9.194617	Gstat	99	Permutation
Cp4.1LG09	3611080	5211080	0.006208	ED4	99	Permutation
Cp4.1LG09	3911080	4811080	2.015270	LOD	99	Permutation
Cp4.1LG09	3911080	4811080	1.091326	BBLogBF	99	Permutation
Cp4.1LG09	7511080	8911080	0.644758	HighSI	95	Permutation
Cp4.1LG09	3611080	5211080	9.194617	Gstat	95	Permutation
Cp4.1LG09	8011080	8011080	3.787645	Gstat	95	Permutation
Cp4.1LG09	11080	9911080	0.006208	ED4	95	Permutation
Cp4.1LG09	3611080	5211080	2.015270	LOD	95	Permutation
Cp4.1LG09	8011080	8011080	0.833588	LOD	95	Permutation
Cp4.1LG09	3611080	5311080	1.091326	BBLogBF	95	Permutation
Cp4.1LG09	8011080	8011080	-0.067922	BBLogBF	95	Permutation
Cp4.1LG09	3911080	4811080	4.000000	Consensus	99	Consensus
Cp4.1LG10	4429886	4929886	0.198632	DeltaSI	99	Permutation
Cp4.1LG10	4229886	5129886	9.079375	Gstat	99	Permutation
Cp4.1LG10	5929886	5929886	7.737688	Gstat	99	Permutation
Cp4.1LG10	29886	829886	0.003093	ED4	99	Permutation
Cp4.1LG10	3329886	6729886	0.005971	ED4	99	Permutation
Cp4.1LG10	4229886	5129886	1.997359	LOD	99	Permutation
Cp4.1LG10	5929886	5929886	1.695176	LOD	99	Permutation
Cp4.1LG10	4229886	5129886	1.103161	BBLogBF	99	Permutation
Cp4.1LG10	5929886	6029886	0.777461	BBLogBF	99	Permutation
Cp4.1LG10	4329886	5329886	0.593810	HighSI	95	Permutation
Cp4.1LG10	29886	429886	0.148248	DeltaSI	95	Permutation
Cp4.1LG10	4129886	5329886	0.198632	DeltaSI	95	Permutation
Cp4.1LG10	29886	929886	6.193158	Gstat	95	Permutation
Cp4.1LG10	2529886	2829886	3.619177	Gstat	95	Permutation
Cp4.1LG10	3729886	6829886	9.079375	Gstat	95	Permutation
Cp4.1LG10	29886	9829886	0.005971	ED4	95	Permutation
Cp4.1LG10	29886	929886	1.361021	LOD	95	Permutation
Cp4.1LG10	2529886	2829886	0.796549	LOD	95	Permutation
Cp4.1LG10	3729886	6829886	1.997359	LOD	95	Permutation
Cp4.1LG10	29886	929886	0.465487	BBLogBF	95	Permutation
Cp4.1LG10	2529886	2829886	-0.100441	BBLogBF	95	Permutation
Cp4.1LG10	3629886	6929886	1.103161	BBLogBF	95	Permutation
Cp4.1LG10	4229886	5129886	5.000000	Consensus	99	Consensus
Cp4.1LG10	5929886	5929886	4.000000	Consensus	99	Consensus
Cp4.1LG11	9801441	9801441	0.600141	HighSI	99	Permutation
Cp4.1LG11	2701441	6101441	-0.255597	DeltaSI	99	Permutation
Cp4.1LG11	2401441	6301441	15.351910	Gstat	99	Permutation
Cp4.1LG11	1101441	7501441	0.010488	ED4	99	Permutation
Cp4.1LG11	2401441	6301441	3.370561	LOD	99	Permutation
Cp4.1LG11	2401441	6301441	2.458892	BBLogBF	99	Permutation
Cp4.1LG11	8601441	9801441	0.600141	HighSI	95	Permutation
Cp4.1LG11	8701441	8701441	0.595887	LowSI	95	Permutation
Cp4.1LG11	9201441	9201441	0.605237	LowSI	95	Permutation
Cp4.1LG11	2401441	6401441	-0.255597	DeltaSI	95	Permutation
Cp4.1LG11	1901441	7301441	15.351910	Gstat	95	Permutation
Cp4.1LG11	1441	9801441	0.010488	ED4	95	Permutation
Cp4.1LG11	1901441	7301441	3.370561	LOD	95	Permutation
Cp4.1LG11	1901441	7501441	2.458892	BBLogBF	95	Permutation
Cp4.1LG11	4401441	5601441	3.647613	Gstat_Z	z3	ZScore
Cp4.1LG11	3001441	5901441	5.024110	ED4_Z	z3	ZScore
Cp4.1LG11	4401441	5601441	3.632655	LOD_Z	z3	ZScore
Cp4.1LG11	3601441	5701441	3.765166	BBLogBF_Z	z3	ZScore
Cp4.1LG11	2401441	6301441	5.000000	Consensus	99	Consensus
Cp4.1LG11	2701441	6101441	-0.255597	DeltaSI	99	HighConfidence
Cp4.1LG11	2401441	6301441	15.351910	Gstat	99	HighConfidence
Cp4.1LG11	1101441	7501441	0.010488	ED4	99	HighConfidence
Cp4.1LG11	2401441	6301441	3.370561	LOD	99	HighConfidence
Cp4.1LG11	2401441	6301441	2.458892	BBLogBF	99	HighConfidence
Cp4.1LG11	2401441	6401441	-0.255597	DeltaSI	95	HighConfidence
Cp4.1LG11	1901441	7301441	15.351910	Gstat	95	HighConfidence
Cp4.1LG11	1441	9801441	0.010488	ED4	95	HighConfidence
Cp4.1LG11	1901441	7301441	3.370561	LOD	95	HighConfidence
Cp4.1LG11	1901441	7501441	2.458892	BBLogBF	95	HighConfidence
Cp4.1LG11	4401441	5601441	3.647613	Gstat_Z	z3	HighConfidence
Cp4.1LG11	3001441	5901441	5.024110	ED4_Z	z3	HighConfidence
Cp4.1LG11	4401441	5601441	3.632655	LOD_Z	z3	HighConfidence
Cp4.1LG11	3601441	5701441	3.765166	BBLogBF_Z	z3	HighConfidence
Cp4.1LG12	3900186	4100186	0.601189	HighSI	99	Permutation
Cp4.1LG12	8800186	8900186	-0.198369	DeltaSI	99	Permutation
Cp4.1LG12	9500186	9500186	-0.186910	DeltaSI	99	Permutation
Cp4.1LG12	8200186	9800186	9.311438	Gstat	99	Permutation
Cp4.1LG12	186	300186	0.001884	ED4	99	Permutation
Cp4.1LG12	3300186	4000186	0.001780	ED4	99	Permutation
Cp4.1LG12	7300186	9800186	0.005840	ED4	99	Permutation
Cp4.1LG12	8200186	9800186	2.040129	LOD	99	Permutation
Cp4.1LG12	8200186	9800186	1.146085	BBLogBF	99	Permutation
Cp4.1LG12	2000186	2000186	0.565078	HighSI	95	Permutation
Cp4.1LG12	2500186	4500186	0.601189	HighSI	95	Permutation
Cp4.1LG12	186	500186	0.617842	LowSI	95	Permutation
Cp4.1LG12	2300186	3300186	0.631886	LowSI	95	Permutation
Cp4.1LG12	4000186	4000186	0.598231	LowSI	95	Permutation
Cp4.1LG12	7900186	9800186	-0.198369	DeltaSI	95	Permutation
Cp4.1LG12	186	700186	4.243120	Gstat	95	Permutation
Cp4.1LG12	2800186	2800186	3.559050	Gstat	95	Permutation
Cp4.1LG12	7400186	9800186	9.311438	Gstat	95	Permutation
Cp4.1LG12	186	9800186	0.005840	ED4	95	Permutation
Cp4.1LG12	186	700186	0.944713	LOD	95	Permutation
Cp4.1LG12	2800186	2800186	0.791624	LOD	95	Permutation
Cp4.1LG12	7400186	9800186	2.040129	LOD	95	Permutation
Cp4.1LG12	186	700186	0.036543	BBLogBF	95	Permutation
Cp4.1LG12	2800186	2800186	-0.107898	BBLogBF	95	Permutation
Cp4.1LG12	7400186	9800186	1.146085	BBLogBF	95	Permutation
Cp4.1LG12	8200186	9800186	5.000000	Consensus	99	Consensus
Cp4.1LG13	6647996	7847996	-0.231470	DeltaSI	99	Permutation
Cp4.1LG13	6447996	8147996	12.251101	Gstat	99	Permutation
Cp4.1LG13	3247996	8447996	0.008318	ED4	99	Permutation
Cp4.1LG13	6447996	8147996	2.682991	LOD	99	Permutation
Cp4.1LG13	6447996	8147996	1.788186	BBLogBF	99	Permutation
Cp4.1LG13	47996	247996	0.585526	HighSI	95	Permutation
Cp4.1LG13	3847996	8147996	-0.231470	DeltaSI	95	Permutation
Cp4.1LG13	3347996	8447996	12.251101	Gstat	95	Permutation
Cp4.1LG13	47996	9347996	0.008318	ED4	95	Permutation
Cp4.1LG13	3347996	8447996	2.682991	LOD	95	Permutation
Cp4.1LG13	3347996	8447996	1.788186	BBLogBF	95	Permutation
Cp4.1LG13	6947996	7847996	3.731585	ED4_Z	z3	ZScore
Cp4.1LG13	6447996	8147996	5.000000	Consensus	99	Consensus
Cp4.1LG13	6647996	7847996	-0.231470	DeltaSI	99	HighConfidence
Cp4.1LG13	6447996	8147996	12.251101	Gstat	99	HighConfidence
Cp4.1LG13	3247996	8447996	0.008318	ED4	99	HighConfidence
Cp4.1LG13	6447996	8147996	2.682991	LOD	99	HighConfidence
Cp4.1LG13	6447996	8147996	1.788186	BBLogBF	99	HighConfidence
Cp4.1LG13	3847996	8147996	-0.231470	DeltaSI	95	HighConfidence
Cp4.1LG13	3347996	8447996	12.251101	Gstat	95	HighConfidence
Cp4.1LG13	47996	9347996	0.008318	ED4	95	HighConfidence
Cp4.1LG13	3347996	8447996	2.682991	LOD	95	HighConfidence
Cp4.1LG13	3347996	8447996	1.788186	BBLogBF	95	HighConfidence
Cp4.1LG13	6947996	7847996	3.731585	ED4_Z	z3	HighConfidence
Cp4.1LG14	18809	2818809	0.650222	HighSI	99	Permutation
Cp4.1LG14	5518809	5918809	0.618179	HighSI	99	Permutation
Cp4.1LG14	18809	2718809	0.302432	DeltaSI	99	Permutation
Cp4.1LG14	5518809	5918809	0.196187	DeltaSI	99	Permutation
Cp4.1LG14	18809	3118809	18.012483	Gstat	99	Permutation
Cp4.1LG14	4818809	6118809	11.278493	Gstat	99	Permutation
Cp4.1LG14	18809	8018809	0.015515	ED4	99	Permutation
Cp4.1LG14	18809	3118809	3.958474	LOD	99	Permutation
Cp4.1LG14	4818809	6118809	2.472401	LOD	99	Permutation
Cp4.1LG14	18809	3118809	3.062451	BBLogBF	99	Permutation
Cp4.1LG14	4518809	6118809	1.520865	BBLogBF	99	Permutation
Cp4.1LG14	18809	3318809	0.650222	HighSI	95	Permutation
Cp4.1LG14	5418809	6418809	0.618179	HighSI	95	Permutation
Cp4.1LG14	18809	3218809	0.302432	DeltaSI	95	Permutation
Cp4.1LG14	4418809	6618809	0.196187	DeltaSI	95	Permutation
Cp4.1LG14	18809	8118809	18.012483	Gstat	95	Permutation
Cp4.1LG14	18809	8918809	0.015515	ED4	95	Permutation
Cp4.1LG14	18809	8118809	3.958474	LOD	95	Permutation
Cp4.1LG14	18809	8118809	3.062451	BBLogBF	95	Permutation
Cp4.1LG14	1118809	2518809	3.490196	DeltaSI_Z	z3	ZScore
Cp4.1LG14	1118809	2618809	4.557540	Gstat_Z	z3	ZScore
Cp4.1LG14	18809	2818809	8.017633	ED4_Z	z3	ZScore
Cp4.1LG14	1118809	2618809	4.546113	LOD_Z	z3	ZScore
Cp4.1LG14	1118809	2618809	4.734675	BBLogBF_Z	z3	ZScore
Cp4.1LG14	18809	3118809	6.000000	Consensus	99	Consensus
Cp4.1LG14	4818809	6118809	6.000000	Consensus	99	Consensus
Cp4.1LG14	18809	2818809	0.650222	HighSI	99	HighConfidence
Cp4.1LG14	18809	2718809	0.302432	DeltaSI	99	HighConfidence
Cp4.1LG14	18809	3118809	18.012483	Gstat	99	HighConfidence
Cp4.1LG14	18809	8018809	0.015515	ED4	99	HighConfidence
Cp4.1LG14	18809	3118809	3.958474	LOD	99	HighConfidence
Cp4.1LG14	18809	3118809	3.062451	BBLogBF	99	HighConfidence
Cp4.1LG14	18809	3318809	0.650222	HighSI	95	HighConfidence
Cp4.1LG14	18809	3218809	0.302432	DeltaSI	95	HighConfidence
Cp4.1LG14	18809	8118809	18.012483	Gstat	95	HighConfidence
Cp4.1LG14	18809	8918809	0.015515	ED4	95	HighConfidence
Cp4.1LG14	18809	8118809	3.958474	LOD	95	HighConfidence
Cp4.1LG14	18809	8118809	3.062451	BBLogBF	95	HighConfidence
Cp4.1LG14	1118809	2518809	3.490196	DeltaSI_Z	z3	HighConfidence
Cp4.1LG14	1118809	2618809	4.557540	Gstat_Z	z3	HighConfidence
Cp4.1LG14	18809	2818809	8.017633	ED4_Z	z3	HighConfidence
Cp4.1LG14	1118809	2618809	4.546113	LOD_Z	z3	HighConfidence
Cp4.1LG14	1118809	2618809	4.734675	BBLogBF_Z	z3	HighConfidence
Cp4.1LG15	4038381	8638381	0.639807	HighSI	99	Permutation
Cp4.1LG15	3238381	4638381	34.731618	Gstat	99	Permutation
Cp4.1LG15	238381	6538381	0.015241	ED4	99	Permutation
Cp4.1LG15	3238381	4638381	7.567881	LOD	99	Permutation
Cp4.1LG15	3238381	4638381	6.513760	BBLogBF	99	Permutation
Cp4.1LG15	3838381	8638381	0.639807	HighSI	95	Permutation
Cp4.1LG15	838381	6938381	34.731618	Gstat	95	Permutation
Cp4.1LG15	7638381	8438381	3.795793	Gstat	95	Permutation
Cp4.1LG15	38381	8638381	0.015241	ED4	95	Permutation
Cp4.1LG15	838381	6938381	7.567881	LOD	95	Permutation
Cp4.1LG15	8038381	8438381	0.820868	LOD	95	Permutation
Cp4.1LG15	738381	6938381	6.513760	BBLogBF	95	Permutation
Cp4.1LG15	7538381	8438381	-0.073817	BBLogBF	95	Permutation
Cp4.1LG15	3338381	4538381	10.275552	Gstat_Z	z3	ZScore
Cp4.1LG15	3238381	4438381	7.854320	ED4_Z	z3	ZScore
Cp4.1LG15	3338381	4538381	10.154156	LOD_Z	z3	ZScore
Cp4.1LG15	3338381	4538381	10.278585	BBLogBF_Z	z3	ZScore
Cp4.1LG15	3238381	4638381	5.000000	Consensus	99	Consensus
Cp4.1LG16	1394	401394	0.603794	HighSI	99	Permutation
Cp4.1LG16	1501394	3001394	0.624671	HighSI	99	Permutation
Cp4.1LG16	4501394	8601394	0.697078	HighSI	99	Permutation
Cp4.1LG16	4501394	8601394	0.271343	DeltaSI	99	Permutation
Cp4.1LG16	4201394	8601394	16.942383	Gstat	99	Permutation
Cp4.1LG16	1394	901394	0.002153	ED4	99	Permutation
Cp4.1LG16	1501394	8601394	0.012895	ED4	99	Permutation
Cp4.1LG16	4201394	8601394	3.709153	LOD	99	Permutation
Cp4.1LG16	3501394	3501394	0.601367	BBLogBF	99	Permutation
Cp4.1LG16	4201394	8601394	2.808535	BBLogBF	99	Permutation
Cp4.1LG16	1394	8601394	0.697078	HighSI	95	Permutation
Cp4.1LG16	1394	1394	0.125501	DeltaSI	95	Permutation
Cp4.1LG16	3101394	8601394	0.271343	DeltaSI	95	Permutation
Cp4.1LG16	1394	8601394	16.942383	Gstat	95	Permutation
Cp4.1LG16	1394	8601394	0.012895	ED4	95	Permutation
Cp4.1LG16	1394	8601394	3.709153	LOD	95	Permutation
Cp4.1LG16	1394	8601394	2.808535	BBLogBF	95	Permutation
Cp4.1LG16	7001394	8601394	3.148164	DeltaSI_Z	z3	ZScore
Cp4.1LG16	5201394	5901394	3.437354	Gstat_Z	z3	ZScore
Cp4.1LG16	6601394	8601394	4.191561	Gstat_Z	z3	ZScore
Cp4.1LG16	4801394	8601394	6.457325	ED4_Z	z3	ZScore
Cp4.1LG16	5201394	5901394	3.420953	LOD_Z	z3	ZScore
Cp4.1LG16	6601394	8601394	4.158736	LOD_Z	z3	ZScore
Cp4.1LG16	5101394	8601394	4.326804	BBLogBF_Z	z3	ZScore
Cp4.1LG16	4201394	8601394	6.000000	Consensus	99	Consensus
Cp4.1LG16	4501394	8601394	0.697078	HighSI	99	HighConfidence
Cp4.1LG16	4501394	8601394	0.271343	DeltaSI	99	HighConfidence
Cp4.1LG16	4201394	8601394	16.942383	Gstat	99	HighConfidence
Cp4.1LG16	1501394	8601394	0.012895	ED4	99	HighConfidence
Cp4.1LG16	4201394	8601394	3.709153	LOD	99	HighConfidence
Cp4.1LG16	4201394	8601394	2.808535	BBLogBF	99	HighConfidence
Cp4.1LG16	1394	8601394	0.697078	HighSI	95	HighConfidence
Cp4.1LG16	3101394	8601394	0.271343	DeltaSI	95	HighConfidence
Cp4.1LG16	1394	8601394	16.942383	Gstat	95	HighConfidence
Cp4.1LG16	1394	8601394	0.012895	ED4	95	HighConfidence
Cp4.1LG16	1394	8601394	3.709153	LOD	95	HighConfidence
Cp4.1LG16	1394	8601394	2.808535	BBLogBF	95	HighConfidence
Cp4.1LG16	7001394	8601394	3.148164	DeltaSI_Z	z3	HighConfidence
Cp4.1LG16	5201394	5901394	3.437354	Gstat_Z	z3	HighConfidence
Cp4.1LG16	6601394	8601394	4.191561	Gstat_Z	z3	HighConfidence
Cp4.1LG16	4801394	8601394	6.457325	ED4_Z	z3	HighConfidence
Cp4.1LG16	5201394	5901394	3.420953	LOD_Z	z3	HighConfidence
Cp4.1LG16	6601394	8601394	4.158736	LOD_Z	z3	HighConfidence
Cp4.1LG16	5101394	8601394	4.326804	BBLogBF_Z	z3	HighConfidence
Cp4.1LG17	8400983	8400983	-0.171649	DeltaSI	99	Permutation
Cp4.1LG17	6800983	8300983	19.687988	Gstat	99	Permutation
Cp4.1LG17	2400983	5600983	0.005881	ED4	99	Permutation
Cp4.1LG17	6100983	6100983	0.002012	ED4	99	Permutation
Cp4.1LG17	6600983	8600983	0.005226	ED4	99	Permutation
Cp4.1LG17	6800983	8300983	4.294000	LOD	99	Permutation
Cp4.1LG17	6800983	8300983	3.388596	BBLogBF	99	Permutation
Cp4.1LG17	4800983	4800983	0.565802	HighSI	95	Permutation
Cp4.1LG17	5700983	6000983	0.603990	LowSI	95	Permutation
Cp4.1LG17	7200983	8600983	-0.171649	DeltaSI	95	Permutation
Cp4.1LG17	2400983	5400983	6.765649	Gstat	95	Permutation
Cp4.1LG17	6600983	8600983	19.687988	Gstat	95	Permutation
Cp4.1LG17	983	8600983	0.005881	ED4	95	Permutation
Cp4.1LG17	2300983	5400983	1.494058	LOD	95	Permutation
Cp4.1LG17	6600983	8600983	4.294000	LOD	95	Permutation
Cp4.1LG17	2300983	5400983	0.598382	BBLogBF	95	Permutation
Cp4.1LG17	6600983	8600983	3.388596	BBLogBF	95	Permutation
Cp4.1LG17	7000983	8000983	5.130569	Gstat_Z	z3	ZScore
Cp4.1LG17	7000983	8000983	5.067429	LOD_Z	z3	ZScore
Cp4.1LG17	7000983	8100983	5.258569	BBLogBF_Z	z3	ZScore
Cp4.1LG17	6800983	8300983	4.000000	Consensus	99	Consensus
Cp4.1LG18	7504832	8304832	0.637477	HighSI	99	Permutation
Cp4.1LG18	6604832	8304832	0.266912	DeltaSI	99	Permutation
Cp4.1LG18	2704832	4204832	9.254797	Gstat	99	Permutation
Cp4.1LG18	6504832	8304832	14.484852	Gstat	99	Permutation
Cp4.1LG18	1804832	1804832	0.000998	ED4	99	Permutation
Cp4.1LG18	2304832	4804832	0.006223	ED4	99	Permutation
Cp4.1LG18	5704832	8304832	0.010691	ED4	99	Permutation
Cp4.1LG18	2704832	4204832	2.030017	LOD	99	Permutation
Cp4.1LG18	6504832	8304832	3.180007	LOD	99	Permutation
Cp4.1LG18	2704832	4204832	1.125756	BBLogBF	99	Permutation
Cp4.1LG18	6504832	8304832	2.279232	BBLogBF	99	Permutation
Cp4.1LG18	6504832	8304832	0.637477	HighSI	95	Permutation
Cp4.1LG18	2304832	3304832	0.604213	LowSI	95	Permutation
Cp4.1LG18	6104832	8304832	0.266912	DeltaSI	95	Permutation
Cp4.1LG18	2704832	4204832	-0.165515	DeltaSI	95	Permutation
Cp4.1LG18	1104832	1904832	3.902728	Gstat	95	Permutation
Cp4.1LG18	2404832	8304832	14.484852	Gstat	95	Permutation
Cp4.1LG18	4832	8304832	0.010691	ED4	95	Permutation
Cp4.1LG18	1104832	1904832	0.864695	LOD	95	Permutation
Cp4.1LG18	2404832	8304832	3.180007	LOD	95	Permutation
Cp4.1LG18	1104832	8304832	2.279232	BBLogBF	95	Permutation
Cp4.1LG18	7904832	8304832	3.099411	DeltaSI_Z	z3	ZScore
Cp4.1LG18	7904832	8304832	3.351075	Gstat_Z	z3	ZScore
Cp4.1LG18	7004832	8304832	5.144709	ED4_Z	z3	ZScore
Cp4.1LG18	7904832	8304832	3.336586	LOD_Z	z3	ZScore
Cp4.1LG18	7804832	8304832	3.476575	BBLogBF_Z	z3	ZScore
Cp4.1LG18	2704832	4204832	4.000000	Consensus	99	Consensus
Cp4.1LG18	6504832	8304832	6.000000	Consensus	99	Consensus
Cp4.1LG18	7504832	8304832	0.637477	HighSI	99	HighConfidence
Cp4.1LG18	6604832	8304832	0.266912	DeltaSI	99	HighConfidence
Cp4.1LG18	6504832	8304832	14.484852	Gstat	99	HighConfidence
Cp4.1LG18	5704832	8304832	0.010691	ED4	99	HighConfidence
Cp4.1LG18	6504832	8304832	3.180007	LOD	99	HighConfidence
Cp4.1LG18	6504832	8304832	2.279232	BBLogBF	99	HighConfidence
Cp4.1LG18	6504832	8304832	0.637477	HighSI	95	HighConfidence
Cp4.1LG18	6104832	8304832	0.266912	DeltaSI	95	HighConfidence
Cp4.1LG18	2404832	8304832	14.484852	Gstat	95	HighConfidence
Cp4.1LG18	4832	8304832	0.010691	ED4	95	HighConfidence
Cp4.1LG18	2404832	8304832	3.180007	LOD	95	HighConfidence
Cp4.1LG18	1104832	8304832	2.279232	BBLogBF	95	HighConfidence
Cp4.1LG18	7904832	8304832	3.099411	DeltaSI_Z	z3	HighConfidence
Cp4.1LG18	7904832	8304832	3.351075	Gstat_Z	z3	HighConfidence
Cp4.1LG18	7004832	8304832	5.144709	ED4_Z	z3	HighConfidence
Cp4.1LG18	7904832	8304832	3.336586	LOD_Z	z3	HighConfidence
Cp4.1LG18	7804832	8304832	3.476575	BBLogBF_Z	z3	HighConfidence
Cp4.1LG19	2104535	5304535	0.661443	HighSI	99	Permutation
Cp4.1LG19	2804535	3404535	0.176602	DeltaSI	99	Permutation
Cp4.1LG19	2404535	3804535	11.899734	Gstat	99	Permutation
Cp4.1LG19	1804535	4204535	0.007516	ED4	99	Permutation
Cp4.1LG19	5104535	7504535	0.002565	ED4	99	Permutation
Cp4.1LG19	2404535	3804535	2.610815	LOD	99	Permutation
Cp4.1LG19	2404535	3804535	1.683477	BBLogBF	99	Permutation
Cp4.1LG19	1904535	6504535	0.661443	HighSI	95	Permutation
Cp4.1LG19	2304535	4304535	0.176920	DeltaSI	95	Permutation
Cp4.1LG19	6004535	6304535	0.129103	DeltaSI	95	Permutation
Cp4.1LG19	1704535	7404535	11.899734	Gstat	95	Permutation
Cp4.1LG19	4535	8204535	0.007516	ED4	95	Permutation
Cp4.1LG19	1704535	7404535	2.610815	LOD	95	Permutation
Cp4.1LG19	1704535	7404535	1.683477	BBLogBF	95	Permutation
Cp4.1LG19	2604535	3104535	3.254391	ED4_Z	z3	ZScore
Cp4.1LG19	2404535	3804535	6.000000	Consensus	99	Consensus
Cp4.1LG20	3841347	5441347	9.358169	Gstat	99	Permutation
Cp4.1LG20	41347	141347	0.002384	ED4	99	Permutation
Cp4.1LG20	2641347	8041347	0.004106	ED4	99	Permutation
Cp4.1LG20	3841347	5441347	2.061124	LOD	99	Permutation
Cp4.1LG20	3841347	5441347	1.129499	BBLogBF	99	Permutation
Cp4.1LG20	3841347	6141347	0.152642	DeltaSI	95	Permutation
Cp4.1LG20	41347	141347	4.071953	Gstat	95	Permutation
Cp4.1LG20	3341347	7841347	9.358169	Gstat	95	Permutation
Cp4.1LG20	41347	8041347	0.004106	ED4	95	Permutation
Cp4.1LG20	41347	41347	0.891087	LOD	95	Permutation
Cp4.1LG20	3341347	7841347	2.061124	LOD	95	Permutation
Cp4.1LG20	41347	141347	0.002440	BBLogBF	95	Permutation
Cp4.1LG20	3341347	7841347	1.129499	BBLogBF	95	Permutation
Cp4.1LG20	3841347	5441347	4.000000	Consensus	99	Consensus
